"pop2023","pop2020","growth","name","aland_sqmi","intptlat","intptlong","slug","usps","lng","lat","rank","density"
3769485,3889834,-0.01042,"Los Angeles",468.956,34.0194,-118.411,"los-angeles-ca","CA",-118.411,34.0194,1,8038
1374076,1385394,-0.00273,"San Diego",325.877,32.815,-117.136,"san-diego-ca","CA",-117.136,32.815,2,4217
930862,1010908,-0.02712,"San Jose",177.808,37.2967,-121.819,"san-jose-ca","CA",-121.819,37.2967,3,5235
715717,870014,-0.063,"San Francisco",46.903,37.7272,-123.032,"san-francisco-ca","CA",-123.032,37.7272,4,15260
549242,542159,0.00434,"Fresno",114.725,36.7827,-119.794,"fresno-ca","CA",-119.794,36.7827,5,4787
528306,523416,0.0031,"Sacramento",97.73,38.5666,-121.469,"sacramento-ca","CA",-121.469,38.5666,6,5406
439153,464759,-0.01871,"Long Beach",50.696,33.7781,-118.167,"long-beach-ca","CA",-118.167,33.7781,7,8662
422994,439341,-0.01256,"Oakland",55.893,37.7698,-122.226,"oakland-ca","CA",-122.226,37.7698,8,7568
416175,403401,0.01044,"Bakersfield",149.758,35.3536,-119.037,"bakersfield-ca","CA",-119.037,35.3536,9,2779
343654,347089,-0.00331,"Anaheim",50.32,33.8236,-118.016,"anaheim-ca","CA",-118.016,33.8236,10,6829
324888,320745,0.00429,"Stockton",62.172,37.9763,-121.313,"stockton-ca","CA",-121.313,37.9763,11,5226
322538,314655,0.00828,"Riverside",81.258,33.9381,-117.393,"riverside-ca","CA",-117.393,33.9381,12,3969
314384,306389,0.00862,"Irvine",65.619,33.6784,-117.771,"irvine-ca","CA",-117.771,33.6784,13,4791
308549,309888,-0.00144,"Santa Ana",27.361,33.7363,-117.883,"santa-ana-ca","CA",-117.883,33.7363,14,11277
278734,276466,0.00273,"Chula Vista",49.641,32.6277,-117.015,"chula-vista-ca","CA",-117.015,32.6277,15,5615
223044,221784,0.00189,"San Bernardino",62.108,34.1411,-117.295,"san-bernardino-ca","CA",-117.295,34.1411,16,3591
219419,231673,-0.01795,"Fremont",77.465,37.501,-122.084,"fremont-ca","CA",-122.084,37.501,17,2832
219396,218459,0.00143,"Modesto",42.977,37.6375,-121.003,"modesto-ca","CA",-121.003,37.6375,18,5105
217003,228487,-0.01704,"Santa Clarita",70.755,34.4141,-118.495,"santa-clarita-ca","CA",-118.495,34.4141,19,3067
216456,209213,0.01141,"Moreno Valley",51.257,33.9233,-117.206,"moreno-valley-ca","CA",-117.206,33.9233,20,4223
214718,208810,0.00935,"Fontana",43.072,34.109,-117.463,"fontana-ca","CA",-117.463,34.109,21,4985
201155,202242,-0.0018,"Oxnard",26.528,34.1994,-119.208,"oxnard-ca","CA",-119.208,34.1994,22,7583
192605,198707,-0.01034,"Huntington Beach",27.003,33.698,-118.004,"huntington-beach-ca","CA",-118.004,33.698,23,7133
184906,196208,-0.01958,"Glendale",30.471,34.1814,-118.246,"glendale-ca","CA",-118.246,34.1814,24,6068
182069,175945,0.01147,"Ontario",49.963,34.0376,-117.604,"ontario-ca","CA",-117.604,34.0376,25,3644
181758,177632,0.00768,"Elk Grove",42.033,38.4146,-121.385,"elk-grove-ca","CA",-121.385,38.4146,26,4324
176288,174572,0.00327,"Rancho Cucamonga",40.117,34.1233,-117.564,"rancho-cucamonga-ca","CA",-117.564,34.1233,27,4394
175065,177882,-0.00531,"Santa Rosa",42.519,38.4458,-122.706,"santa-rosa-ca","CA",-122.706,38.4458,28,4117
170713,174128,-0.00658,"Oceanside",41.256,33.2246,-117.306,"oceanside-ca","CA",-117.306,33.2246,29,4138
167837,171829,-0.0078,"Garden Grove",17.957,33.7788,-117.96,"garden-grove-ca","CA",-117.96,33.7788,30,9347
164853,172862,-0.01569,"Lancaster",94.281,34.6936,-118.175,"lancaster-ca","CA",-118.175,34.6936,31,1749
164179,157570,0.01379,"Corona",39.986,33.862,-117.565,"corona-ca","CA",-117.565,33.862,32,4106
161585,163397,-0.00371,"Salinas",23.428,36.6902,-121.634,"salinas-ca","CA",-121.634,36.6902,33,6897
159078,148435,0.02335,"Roseville",44.079,38.7703,-121.32,"roseville-ca","CA",-121.32,38.7703,34,3609
158943,169279,-0.02078,"Palmdale",106.076,34.591,-118.105,"palmdale-ca","CA",-118.105,34.591,35,1498
153160,163269,-0.02108,"Hayward",45.537,37.6287,-122.102,"hayward-ca","CA",-122.102,37.6287,36,3363
149482,151260,-0.00393,"Escondido",37.314,33.1331,-117.074,"escondido-ca","CA",-117.074,33.1331,37,4006
145306,141828,0.00811,"Visalia",37.924,36.328,-119.329,"visalia-ca","CA",-119.329,36.328,38,3832
145302,155860,-0.02311,"Sunnyvale",22.03,37.3858,-122.026,"sunnyvale-ca","CA",-122.026,37.3858,39,6596
142912,151128,-0.01846,"Pomona",22.982,34.0585,-117.761,"pomona-ca","CA",-117.761,34.0585,40,6218
139311,143173,-0.00908,"Fullerton",22.431,33.8857,-117.928,"fullerton-ca","CA",-117.928,33.8857,41,6211
138399,134742,0.00897,"Victorville",73.619,34.5277,-117.354,"victorville-ca","CA",-117.354,34.5277,42,1880
137465,146769,-0.02159,"Torrance",20.521,33.835,-118.341,"torrance-ca","CA",-118.341,33.835,43,6699
134475,138680,-0.01021,"Orange",25.666,33.8288,-117.785,"orange-ca","CA",-117.785,33.8288,44,5239
130935,138196,-0.01783,"Pasadena",22.959,34.1606,-118.138,"pasadena-ca","CA",-118.138,34.1606,45,5703
127753,120674,0.01919,"Clovis",25.41,36.829,-119.685,"clovis-ca","CA",-119.685,36.829,46,5028
126603,127426,-0.00216,"Santa Clara",18.226,37.3645,-121.968,"santa-clara-ca","CA",-121.968,37.3645,47,6946
125196,126366,-0.0031,"Simi Valley",41.53,34.2669,-118.748,"simi-valley-ca","CA",-118.748,34.2669,48,3015
123977,126652,-0.00709,"Thousand Oaks",55.264,34.1933,-118.874,"thousand-oaks-ca","CA",-118.874,34.1933,49,2243
123001,125839,-0.00758,"Vallejo",30.825,38.1079,-122.264,"vallejo-ca","CA",-122.264,38.1079,50,3990
121899,125176,-0.00881,"Concord",30.556,37.9722,-122.002,"concord-ca","CA",-122.002,37.9722,51,3989
119461,119827,-0.00102,"Fairfield",41.193,38.2598,-122.032,"fairfield-ca","CA",-122.032,38.2598,52,2900
116344,111351,0.01473,"Murrieta",33.612,33.5721,-117.19,"murrieta-ca","CA",-117.19,33.5721,53,3461
115761,115073,0.00199,"Carlsbad",37.75,33.1293,-117.284,"carlsbad-ca","CA",-117.284,33.1293,54,3067
114450,116238,-0.00515,"Richmond",30.055,37.9523,-122.361,"richmond-ca","CA",-122.361,37.9523,55,3808
113884,115252,-0.00397,"Antioch",29.35,37.9791,-121.796,"antioch-ca","CA",-121.796,37.9791,56,3880
113045,103227,0.03075,"Menifee",46.472,33.6899,-117.184,"menifee-ca","CA",-117.184,33.6899,57,2433
112643,119463,-0.0194,"Berkeley",10.474,37.867,-122.299,"berkeley-ca","CA",-122.299,37.867,58,10755
112382,110086,0.00691,"Temecula",37.268,33.4931,-117.132,"temecula-ca","CA",-117.132,33.4931,59,3016
109326,109904,-0.00175,"Santa Maria",22.806,34.9331,-120.444,"santa-maria-ca","CA",-120.444,34.9331,60,4794
108955,110413,-0.00442,"Ventura",21.882,34.2678,-119.254,"ventura-ca","CA",-119.254,34.2678,61,4979
108829,111723,-0.00871,"Costa Mesa",15.795,33.6659,-117.912,"costa-mesa-ca","CA",-117.912,33.6659,62,6890
106859,114118,-0.02167,"Downey",12.408,33.9382,-118.131,"downey-ca","CA",-118.131,33.9382,63,8612
104785,104199,0.00187,"Rialto",23.998,34.1173,-117.389,"rialto-ca","CA",-117.389,34.1173,64,4366
103959,106176,-0.00701,"El Cajon",14.512,32.8017,-116.96,"el-cajon-ca","CA",-116.96,32.8017,65,7164
103895,102672,0.00395,"Vacaville",29.223,38.3586,-121.969,"vacaville-ca","CA",-121.969,38.3586,66,3555
102661,102177,0.00158,"Chico",33.463,39.7589,-121.809,"chico-ca","CA",-121.809,39.7589,67,3068
102531,100200,0.0077,"Hesperia",72.703,34.397,-117.315,"hesperia-ca","CA",-117.315,34.397,68,1410
102529,109166,-0.02069,"El Monte",9.562,34.0746,-118.029,"el-monte-ca","CA",-118.029,34.0746,69,10723
102509,109345,-0.02129,"West Covina",16.041,34.0559,-117.91,"west-covina-ca","CA",-117.91,34.0559,70,6390
101665,107320,-0.01788,"Burbank",17.315,34.1901,-118.326,"burbank-ca","CA",-118.326,34.1901,71,5871
100628,107534,-0.02188,"Inglewood",9.068,33.9561,-118.344,"inglewood-ca","CA",-118.344,33.9561,72,11097
99086,93590,0.0192,"Tracy",25.892,37.7274,-121.452,"tracy-ca","CA",-121.452,37.7274,73,3827
98949,98508,0.00149,"Vista",18.748,33.1896,-117.239,"vista-ca","CA",-117.239,33.1896,74,5278
96276,91367,0.0176,"Chino",29.635,33.978,-117.658,"chino-ca","CA",-117.658,33.978,75,3249
96257,105308,-0.02951,"San Mateo",12.171,37.5603,-122.311,"san-mateo-ca","CA",-122.311,37.5603,76,7909
96190,102532,-0.02106,"Norwalk",9.709,33.9076,-118.083,"norwalk-ca","CA",-118.083,33.9076,77,9907
95167,86515,0.03228,"Merced",23.226,37.3057,-120.478,"merced-ca","CA",-120.478,37.3057,78,4097
94901,104571,-0.03183,"Daly City",7.641,37.7008,-122.501,"daly-city-ca","CA",-122.501,37.7008,79,12420
94832,94973,-0.0005,"San Marcos",24.357,33.1326,-117.17,"san-marcos-ca","CA",-117.17,33.1326,80,3893
93600,93393,0.00074,"Redding",59.647,40.5674,-122.365,"redding-ca","CA",-122.365,40.5674,81,1569
92808,89243,0.01314,"Indio",33.227,33.7316,-116.236,"indio-ca","CA",-116.236,33.7316,82,2793
91660,89830,0.00674,"Hemet",29.266,33.7341,-116.997,"hemet-ca","CA",-116.997,33.7341,83,3132
90531,95074,-0.01619,"Carson",18.73,33.8404,-118.25,"carson-ca","CA",-118.25,33.8404,84,4833
90328,93528,-0.01153,"Mission Viejo",17.701,33.6093,-117.656,"mission-viejo-ca","CA",-117.656,33.6093,85,5103
89695,95611,-0.02106,"Compton",10.028,33.894,-118.227,"compton-ca","CA",-118.227,33.894,86,8944
89603,83948,0.02197,"Manteca",21.389,37.7928,-121.226,"manteca-ca","CA",-121.226,37.7928,87,4189
88790,90906,-0.00782,"Westminster",10.039,33.7523,-117.994,"westminster-ca","CA",-117.994,33.7523,88,8845
88265,92634,-0.01598,"South Gate",7.236,33.9442,-118.193,"south-gate-ca","CA",-118.193,33.9442,89,12198
87976,92711,-0.01732,"Santa Monica",8.415,34.0109,-118.498,"santa-monica-ca","CA",-118.498,34.0109,90,10455
87506,86669,0.00321,"San Ramon",18.687,37.7653,-121.932,"san-ramon-ca","CA",-121.932,37.7653,91,4683
87381,88695,-0.00496,"Santa Barbara",19.502,34.4006,-119.713,"santa-barbara-ca","CA",-119.713,34.4006,92,4481
86393,87911,-0.00579,"Citrus Heights",14.232,38.6948,-121.288,"citrus-heights-ca","CA",-121.288,38.6948,93,6070
85219,86005,-0.00305,"Lake Forest",16.632,33.6549,-117.676,"lake-forest-ca","CA",-117.676,33.6549,94,5124
84838,79475,0.02201,"Folsom",27.887,38.6666,-121.142,"folsom-ca","CA",-121.142,38.6666,95,3042
84127,91338,-0.02704,"San Leandro",13.341,37.7034,-122.163,"san-leandro-ca","CA",-122.163,37.7034,96,6306
83720,85333,-0.00634,"Newport Beach",23.815,33.5971,-117.89,"newport-beach-ca","CA",-117.89,33.5971,97,3515
83530,88487,-0.01904,"Livermore",27.023,37.6855,-121.763,"livermore-ca","CA",-121.763,37.6855,98,3091
82513,87938,-0.021,"Hawthorne",6.083,33.9148,-118.348,"hawthorne-ca","CA",-118.348,33.9148,99,13565
81946,87045,-0.01993,"Whittier",14.649,33.9668,-118.02,"whittier-ca","CA",-118.02,33.9668,100,5594
81744,78897,0.01188,"Perris",31.561,33.7902,-117.221,"perris-ca","CA",-117.221,33.7902,101,2590
81674,79790,0.00781,"Rancho Cordova",35.021,38.5771,-121.236,"rancho-cordova-ca","CA",-121.236,38.5771,102,2332
81130,83968,-0.01139,"Buena Park",10.519,33.8574,-118.007,"buena-park-ca","CA",-118.007,33.8574,103,7713
79670,82455,-0.01139,"Mountain View",11.991,37.3997,-122.079,"mountain-view-ca","CA",-122.079,37.3997,104,6644
79587,79118,0.00198,"Upland",15.611,34.1161,-117.66,"upland-ca","CA",-117.66,34.1161,105,5098
78907,78544,0.00154,"Chino Hills",44.683,33.943,-117.726,"chino-hills-ca","CA",-117.726,33.943,106,1766
78354,79051,-0.00295,"Napa",17.956,38.2972,-122.301,"napa-ca","CA",-122.301,38.2972,107,4364
78257,80023,-0.00741,"Tustin",11.118,33.7309,-117.811,"tustin-ca","CA",-117.811,33.7309,108,7039
78223,82748,-0.01857,"Alhambra",7.631,34.0836,-118.136,"alhambra-ca","CA",-118.136,34.0836,109,10251
77143,82403,-0.02175,"Lakewood",9.412,33.8471,-118.122,"lakewood-ca","CA",-118.122,33.8471,110,8196
76817,75929,0.00388,"Apple Valley",74.926,34.5334,-117.21,"apple-valley-ca","CA",-117.21,34.5334,111,1025
76796,84180,-0.03013,"Redwood City",19.266,37.5153,-122.214,"redwood-city-ca","CA",-122.214,37.5153,112,3986
76535,80363,-0.01613,"Milpitas",13.653,37.4339,-121.892,"milpitas-ca","CA",-121.892,37.4339,113,5606
76432,76600,-0.00073,"Pittsburg",17.64,38.0168,-121.897,"pittsburg-ca","CA",-121.897,38.0168,114,4333
75381,71801,0.01635,"Rocklin",19.81,38.8069,-121.25,"rocklin-ca","CA",-121.25,38.8069,115,3805
74495,80201,-0.0243,"Pleasanton",24.147,37.6672,-121.881,"pleasanton-ca","CA",-121.881,37.6672,116,3085
74284,79019,-0.02039,"Bellflower",6.119,33.8878,-118.127,"bellflower-ca","CA",-118.127,33.8878,117,12140
74158,70023,0.01931,"Eastvale",12.671,33.9633,-117.582,"eastvale-ca","CA",-117.582,33.9633,118,5853
73916,70415,0.01631,"Lake Elsinore",38.265,33.686,-117.335,"lake-elsinore-ca","CA",-117.335,33.686,119,1932
73908,69197,0.0222,"Tulare",20.371,36.1994,-119.342,"tulare-ca","CA",-119.342,36.1994,120,3628
73821,73023,0.00363,"Redlands",35.858,34.0535,-117.17,"redlands-ca","CA",-117.17,34.0535,121,2059
72824,72611,0.00098,"Turlock",16.923,37.5046,-120.857,"turlock-ca","CA",-120.857,37.5046,122,4303
72568,78333,-0.02516,"Alameda",10.449,37.7419,-122.26,"alameda-ca","CA",-122.26,37.7419,123,6945
70886,70844,0.0002,"Camarillo",19.68,34.2218,-119.032,"camarillo-ca","CA",-119.032,34.2218,124,3602
70877,66523,0.02136,"Madera",16.33,36.9631,-120.078,"madera-ca","CA",-120.078,36.9631,125,4340
70415,72312,-0.00883,"Dublin",15.229,37.7162,-121.896,"dublin-ca","CA",-121.896,37.7162,126,4624
69140,69974,-0.00399,"Walnut Creek",19.757,37.9027,-122.04,"walnut-creek-ca","CA",-122.04,37.9027,127,3500
68711,69952,-0.00595,"Yuba City",14.9,39.1386,-121.64,"yuba-city-ca","CA",-121.64,39.1386,128,4611
68135,66471,0.00827,"Lodi",13.638,38.1216,-121.291,"lodi-ca","CA",-121.291,38.1216,129,4996
67810,72082,-0.02016,"Baldwin Park",6.631,34.0828,-117.971,"baldwin-park-ca","CA",-117.971,34.0828,130,10226
67114,68431,-0.00645,"Yorba Linda",19.842,33.889,-117.772,"yorba-linda-ca","CA",-117.772,33.889,131,3382
67080,66659,0.00211,"Davis",9.887,38.5561,-121.738,"davis-ca","CA",-121.738,38.5561,132,6785
66913,71261,-0.02077,"Redondo Beach",6.198,33.8568,-118.377,"redondo-beach-ca","CA",-118.377,33.8568,133,10796
65618,64499,0.00575,"Brentwood",14.859,37.9356,-121.719,"brentwood-ca","CA",-121.719,37.9356,134,4416
65257,70460,-0.02524,"Union City",19.4,37.603,-122.019,"union-city-ca","CA",-122.019,37.603,135,3364
63999,64359,-0.00187,"Laguna Niguel",14.741,33.5287,-117.701,"laguna-niguel-ca","CA",-117.701,33.5287,136,4342
63210,68486,-0.02637,"Palo Alto",23.853,37.3998,-122.143,"palo-alto-ca","CA",-122.143,37.3998,137,2650
63005,64346,-0.007,"San Clemente",18.354,33.4491,-117.613,"san-clemente-ca","CA",-117.613,33.4491,138,3433
62988,62619,0.00196,"Porterville",18.609,36.0635,-119.034,"porterville-ca","CA",-119.034,36.0635,139,3385
62807,66897,-0.02081,"Lynwood",4.84,33.924,-118.202,"lynwood-ca","CA",-118.202,33.924,140,12977
62372,60917,0.0079,"Woodland",15.307,38.6712,-121.75,"woodland-ca","CA",-121.75,38.6712,141,4075
61560,63140,-0.00841,"La Habra",7.354,33.9279,-117.952,"la-habra-ca","CA",-117.952,33.9279,142,8371
61352,62251,-0.00483,"Santa Cruz",12.74,36.9744,-122.035,"santa-cruz-ca","CA",-122.035,36.9744,143,4816
61215,62037,-0.00444,"Encinitas",19.054,33.0506,-117.264,"encinitas-ca","CA",-117.264,33.0506,144,3213
60655,66128,-0.02839,"South San Francisco",9.226,37.6551,-122.376,"south-san-francisco-ca","CA",-122.376,37.6551,145,6574
60006,61154,-0.00629,"San Rafael",16.568,37.981,-122.507,"san-rafael-ca","CA",-122.507,37.981,146,3622
59948,61111,-0.00638,"La Mesa",9.095,32.7695,-117.022,"la-mesa-ca","CA",-117.022,32.7695,147,6591
59488,58006,0.00844,"Hanford",17.4,36.3274,-119.655,"hanford-ca","CA",-119.655,36.3274,148,3419
59001,60057,-0.0059,"Santee",16.539,32.855,-116.986,"santee-ca","CA",-116.986,32.855,149,3567
58912,53549,0.03233,"Beaumont",30.317,33.8767,-116.953,"beaumont-ca","CA",-116.953,33.8767,150,1943
58857,59678,-0.0046,"Petaluma",14.415,38.2423,-122.629,"petaluma-ca","CA",-122.629,38.2423,151,4083
58641,62527,-0.02117,"Montebello",8.332,34.0154,-118.111,"montebello-ca","CA",-118.111,34.0154,152,7038
58374,61995,-0.01986,"Pico Rivera",8.295,33.9895,-118.089,"pico-rivera-ca","CA",-118.089,33.9895,153,7037
57779,54086,0.02226,"San Jacinto",25.713,33.7951,-116.992,"san-jacinto-ca","CA",-116.992,33.7951,154,2247
57391,60892,-0.01954,"Gardena",5.829,33.8944,-118.308,"gardena-ca","CA",-118.308,33.8944,155,9846
57337,57070,0.00155,"Highland",18.748,34.1135,-117.166,"highland-ca","CA",-117.166,34.1135,156,3058
57066,61012,-0.02204,"Monterey Park",7.673,34.0484,-118.133,"monterey-park-ca","CA",-118.133,34.0484,157,7437
55441,56149,-0.00422,"National City",7.292,32.6652,-117.099,"national-city-ca","CA",-117.099,32.6652,158,7603
55414,59493,-0.0234,"Gilroy",16.537,37.0064,-121.585,"gilroy-ca","CA",-121.585,37.0064,159,3351
55393,57054,-0.0098,"Fountain Valley",9.071,33.7106,-117.951,"fountain-valley-ca","CA",-117.951,33.7106,160,6107
55326,60343,-0.02852,"Cupertino",11.311,37.3194,-122.045,"cupertino-ca","CA",-122.045,37.3194,161,4891
55008,54605,0.00246,"Yucaipa",28.293,34.0336,-117.043,"yucaipa-ca","CA",-117.043,34.0336,162,1944
54911,53975,0.00575,"Colton",15.542,34.0545,-117.325,"colton-ca","CA",-117.325,34.0545,163,3533
53649,53631,0.00011,"West Sacramento",21.47,38.5544,-121.549,"west-sacramento-ca","CA",-121.549,38.5544,164,2499
53530,51577,0.01246,"Cathedral City",22.485,33.8355,-116.463,"cathedral-city-ca","CA",-116.463,33.8355,165,2381
53083,56512,-0.02064,"Arcadia",10.925,34.1327,-118.036,"arcadia-ca","CA",-118.036,34.1327,166,4859
52797,51864,0.00596,"Delano",14.285,35.766,-119.264,"delano-ca","CA",-119.264,35.766,167,3696
52297,51167,0.0073,"Palm Desert",26.811,33.7376,-116.364,"palm-desert-ca","CA",-116.364,33.7376,168,1951
52275,49855,0.01592,"Lincoln",23.509,38.8784,-121.291,"lincoln-ca","CA",-121.291,38.8784,169,2224
52117,53006,-0.00563,"Novato",27.448,38.0851,-122.548,"novato-ca","CA",-122.548,38.0851,170,1899
51593,55026,-0.02125,"Diamond Bar",14.871,34.0016,-117.818,"diamond-bar-ca","CA",-117.818,34.0016,171,3469
51394,54806,-0.0212,"Huntington Park",3.013,33.9792,-118.217,"huntington-park-ca","CA",-118.217,33.9792,172,17057
51133,52173,-0.00668,"Aliso Viejo",6.919,33.5792,-117.729,"aliso-viejo-ca","CA",-117.729,33.5792,173,7390
50973,52623,-0.01056,"Watsonville",6.688,36.9196,-121.77,"watsonville-ca","CA",-121.77,36.9196,174,7622
50327,53631,-0.02097,"Paramount",4.729,33.8989,-118.167,"paramount-ca","CA",-118.167,33.8989,175,10642
50259,51789,-0.00995,"Placentia",6.614,33.8812,-117.855,"placentia-ca","CA",-117.855,33.8812,176,7599
49747,52505,-0.01783,"Glendora",19.509,34.145,-117.848,"glendora-ca","CA",-117.848,34.145,177,2550
49282,49282,0,"Ceres",9.356,37.5991,-120.968,"ceres-ca","CA",-120.968,37.5991,178,5267
49253,50266,-0.00676,"Cypress",6.613,33.8185,-118.038,"cypress-ca","CA",-118.038,33.8185,179,7448
48782,51246,-0.01629,"Covina",7.028,34.0905,-117.882,"covina-ca","CA",-117.882,34.0905,180,6941
48506,51138,-0.01746,"Rosemead",5.162,34.0689,-118.083,"rosemead-ca","CA",-118.083,34.0689,181,9397
48439,47104,0.00936,"San Luis Obispo",13.327,35.2635,-120.662,"san-luis-obispo-ca","CA",-120.662,35.2635,182,3635
48420,45419,0.02156,"Los Banos",9.993,37.0632,-120.84,"los-banos-ca","CA",-120.84,37.0632,183,4845
47645,47561,0.00059,"Brea",12.158,33.9252,-117.865,"brea-ca","CA",-117.865,33.9252,184,3919
47604,48835,-0.00848,"Poway",39.079,32.9877,-117.022,"poway-ca","CA",-117.022,32.9877,185,1218
46849,49616,-0.01895,"Azusa",9.667,34.1385,-117.912,"azusa-ca","CA",-117.912,34.1385,186,4846
46350,41918,0.03407,"Hollister",7.348,36.8563,-121.398,"hollister-ca","CA",-121.398,36.8563,187,6308
46342,48002,-0.01167,"Rancho Santa Margarita",12.895,33.6323,-117.599,"rancho-santa-margarita-ca","CA",-117.599,33.6323,188,3594
46295,48014,-0.01208,"Newark",13.875,37.5041,-122.032,"newark-ca","CA",-122.032,37.5041,189,3337
46280,49487,-0.02208,"Cerritos",8.722,33.8677,-118.069,"cerritos-ca","CA",-118.069,33.8677,190,5306
45912,44579,0.00988,"Palm Springs",94.545,33.8034,-116.538,"palm-springs-ca","CA",-116.538,33.8034,191,486
44927,45551,-0.00459,"Morgan Hill",12.996,37.1325,-121.642,"morgan-hill-ca","CA",-121.642,37.1325,192,3457
44728,47654,-0.0209,"La Mirada",7.822,33.902,-118.009,"la-mirada-ca","CA",-118.009,33.902,193,5718
44547,44343,0.00153,"Rohnert Park",7.003,38.3482,-122.699,"rohnert-park-ca","CA",-122.699,38.3482,194,6361
44353,43483,0.00663,"Oakley",15.863,37.9961,-121.694,"oakley-ca","CA",-121.694,37.9961,195,2796
43994,44240,-0.00186,"El Centro",11.509,32.7864,-115.558,"el-centro-ca","CA",-115.558,32.7864,196,3823
43582,42049,0.01201,"Coachella",30.076,33.6905,-116.143,"coachella-ca","CA",-116.143,33.6905,197,1449
42897,44310,-0.01075,"Lompoc",11.623,34.6627,-120.471,"lompoc-ca","CA",-120.471,34.6627,198,3691
42652,43537,-0.00682,"Danville",18.077,37.8121,-121.97,"danville-ca","CA",-121.97,37.8121,199,2359
40487,43935,-0.02687,"Campbell",6.074,37.2802,-121.953,"campbell-ca","CA",-121.953,37.2802,200,6666
39530,42207,-0.02161,"Rancho Palos Verdes",13.472,33.7531,-118.368,"rancho-palos-verdes-ca","CA",-118.368,33.7531,201,2934
39409,43785,-0.0345,"San Bruno",5.474,37.6254,-122.431,"san-bruno-ca","CA",-122.431,37.6254,202,7199
39257,37654,0.014,"La Quinta",35.259,33.6461,-116.275,"la-quinta-ca","CA",-116.275,33.6461,203,1113
38644,37858,0.00688,"Adelanto",52.905,34.5809,-117.439,"adelanto-ca","CA",-117.439,34.5809,204,730
38585,40681,-0.01747,"Culver City",5.111,34.0058,-118.397,"culver-city-ca","CA",-118.397,34.0058,205,7549
38496,38553,-0.00049,"Calexico",8.619,32.6849,-115.494,"calexico-ca","CA",-115.494,32.6849,206,4466
38345,37920,0.00372,"Montclair",5.515,34.0715,-117.698,"montclair-ca","CA",-117.698,34.0715,207,6953
38106,37902,0.00179,"Stanton",3.097,33.8003,-117.993,"stanton-ca","CA",-117.993,33.8003,208,12304
37739,36917,0.00737,"Wildomar",23.688,33.6173,-117.258,"wildomar-ca","CA",-117.258,33.6173,209,1593
37128,39465,-0.02014,"San Gabriel",4.145,34.0946,-118.098,"san-gabriel-ca","CA",-118.098,34.0946,210,8957
36906,39402,-0.02158,"Bell Gardens",2.459,33.9644,-118.154,"bell-gardens-ca","CA",-118.154,33.9644,211,15009
36712,37900,-0.01056,"Monrovia",13.634,34.164,-117.985,"monrovia-ca","CA",-117.985,34.164,212,2693
36180,37143,-0.00871,"Martinez",12.631,37.9981,-122.114,"martinez-ca","CA",-122.114,37.9981,213,2864
35838,38058,-0.01983,"La Puente",3.479,34.0323,-117.954,"la-puente-ca","CA",-117.954,34.0323,214,10301
35411,36260,-0.00787,"Moorpark",12.58,34.2859,-118.877,"moorpark-ca","CA",-118.877,34.2859,215,2815
34456,36435,-0.01843,"Temple City",4.004,34.1022,-118.058,"temple-city-ca","CA",-118.058,34.1022,216,8605
34445,36349,-0.01777,"Claremont",13.352,34.1249,-117.714,"claremont-ca","CA",-117.714,34.1249,217,2580
34443,35214,-0.00735,"San Juan Capistrano",14.431,33.5009,-117.654,"san-juan-capistrano-ca","CA",-117.654,33.5009,218,2387
34435,38507,-0.03657,"Pacifica",12.662,37.6066,-122.477,"pacifica-ca","CA",-122.477,37.6066,219,2720
33983,29121,0.05282,"Lathrop",19.826,37.8087,-121.318,"lathrop-ca","CA",-121.318,37.8087,220,1714
33817,34550,-0.00713,"Pleasant Hill",7.074,37.9542,-122.076,"pleasant-hill-ca","CA",-122.076,37.9542,221,4780
33448,35708,-0.02156,"West Hollywood",1.888,34.0883,-118.372,"west-hollywood-ca","CA",-118.372,34.0883,222,17716
33132,32510,0.00635,"Desert Hot Springs",30.222,33.9576,-116.542,"desert-hot-springs-ca","CA",-116.542,33.9576,223,1096
33126,35466,-0.02249,"Manhattan Beach",3.937,33.8896,-118.397,"manhattan-beach-ca","CA",-118.397,33.8896,224,8414
33003,32781,0.00225,"Goleta",7.851,34.4354,-119.859,"goleta-ca","CA",-119.859,34.4354,225,4204
32629,34805,-0.0213,"San Dimas",15.038,34.108,-117.809,"san-dimas-ca","CA",-117.809,34.108,226,2170
32337,31800,0.0056,"Atwater",6.092,37.3541,-120.599,"atwater-ca","CA",-120.599,37.3541,227,5308
32249,33111,-0.00876,"Dana Point",6.485,33.4755,-117.693,"dana-point-ca","CA",-117.693,33.4755,228,4973
32175,31553,0.00654,"El Paso de Robles Paso Robles",19.642,35.6279,-120.65,"el-paso-de-robles-paso-robles-ca","CA",-120.65,35.6279,229,1638
31847,29515,0.02567,"Banning",23.269,33.946,-116.899,"banning-ca","CA",-116.899,33.946,230,1369
31644,32308,-0.0069,"Seaside",9.24,36.6251,-121.818,"seaside-ca","CA",-121.818,36.6251,231,3425
31463,33537,-0.02106,"Bell",2.5,33.9797,-118.179,"bell-ca","CA",-118.179,33.9797,232,12585
31226,32050,-0.00864,"San Pablo",2.63,37.9629,-122.343,"san-pablo-ca","CA",-122.343,37.9629,233,11873
30944,30667,0.00301,"Santa Paula",4.54,34.3523,-119.069,"santa-paula-ca","CA",-119.069,34.3523,234,6816
30767,33461,-0.02759,"Los Gatos",11.391,37.233,-121.951,"los-gatos-ca","CA",-121.951,37.233,235,2701
30447,32646,-0.02298,"Beverly Hills",5.708,34.0792,-118.402,"beverly-hills-ca","CA",-118.402,34.0792,236,5334
30301,33685,-0.03466,"Foster City",3.796,37.5648,-122.251,"foster-city-ca","CA",-122.251,37.5648,237,7982
30259,31324,-0.01147,"Laguna Hills",6.604,33.5915,-117.699,"laguna-hills-ca","CA",-117.699,33.5915,238,4582
30229,33660,-0.0352,"Menlo Park",10.012,37.4797,-122.148,"menlo-park-ca","CA",-122.148,37.4797,239,3019
29853,31775,-0.02057,"Lawndale",1.974,33.8884,-118.353,"lawndale-ca","CA",-118.353,33.8884,240,15123
29650,29737,-0.00098,"Atascadero",26.064,35.4857,-120.688,"atascadero-ca","CA",-120.688,35.4857,241,1138
29545,30040,-0.00552,"Monterey",8.638,36.6012,-121.883,"monterey-ca","CA",-121.883,36.6012,242,3420
29535,27516,0.02389,"Wasco",9.388,35.5938,-119.367,"wasco-ca","CA",-119.367,35.5938,243,3146
29452,31313,-0.02023,"La Verne",8.433,34.1205,-117.77,"la-verne-ca","CA",-117.77,34.1205,244,3492
29018,31577,-0.02777,"Los Altos",6.481,37.3685,-122.097,"los-altos-ca","CA",-122.097,37.3685,245,4477
28671,29415,-0.00851,"Suisun City",4.061,38.2483,-122.01,"suisun-city-ca","CA",-122.01,38.2483,246,7060
28557,30801,-0.02489,"San Carlos",5.513,37.4955,-122.267,"san-carlos-ca","CA",-122.267,37.4955,247,5180
28476,27921,0.00657,"Ridgecrest",20.88,35.6285,-117.664,"ridgecrest-ca","CA",-117.664,35.6285,248,1364
28473,31045,-0.02842,"Saratoga",12.767,37.2684,-122.026,"saratoga-ca","CA",-122.026,37.2684,249,2230
27940,31251,-0.03665,"Burlingame",4.405,37.59,-122.363,"burlingame-ca","CA",-122.363,37.59,250,6343
27713,27035,0.0083,"Lemoore",8.814,36.2949,-119.798,"lemoore-ca","CA",-119.798,36.2949,251,3144
27491,27407,0.00102,"Twentynine Palms",58.757,34.1478,-116.066,"twentynine-palms-ca","CA",-116.066,34.1478,252,468
27004,27620,-0.0075,"Lemon Grove",3.879,32.7331,-117.034,"lemon-grove-ca","CA",-117.034,32.7331,253,6962
26897,26626,0.00339,"Sanger",5.762,36.699,-119.557,"sanger-ca","CA",-119.557,36.699,254,4668
26791,29933,-0.03629,"East Palo Alto",2.521,37.4678,-122.133,"east-palo-alto-ca","CA",-122.133,37.4678,255,10627
26762,26428,0.0042,"Brawley",8.118,32.9784,-115.529,"brawley-ca","CA",-115.529,32.9784,256,3297
26688,28419,-0.02073,"Walnut",8.992,34.0372,-117.856,"walnut-ca","CA",-117.856,34.0372,257,2968
26441,26513,-0.00091,"Eureka",9.384,40.7934,-124.155,"eureka-ca","CA",-124.155,40.7934,258,2818
26381,27041,-0.0082,"Benicia",12.839,38.0727,-122.155,"benicia-ca","CA",-122.155,38.0727,259,2055
26333,25950,0.00488,"Norco",13.832,33.9255,-117.552,"norco-ca","CA",-117.552,33.9255,260,1904
26223,26025,0.00252,"Hercules",6.41,38.0214,-122.289,"hercules-ca","CA",-122.289,38.0214,261,4091
26172,24638,0.02035,"Dinuba",6.512,36.5453,-119.399,"dinuba-ca","CA",-119.399,36.5453,262,4019
25807,26186,-0.00486,"Imperial Beach",4.3,32.5691,-117.115,"imperial-beach-ca","CA",-117.115,32.5691,263,6002
25631,24797,0.01108,"Loma Linda",7.657,34.0453,-117.25,"loma-linda-ca","CA",-117.25,34.0453,264,3347
25628,26247,-0.00794,"Windsor",7.27,38.5421,-122.809,"windsor-ca","CA",-122.809,38.5421,265,3525
25591,25973,-0.00494,"El Cerrito",3.657,37.9196,-122.303,"el-cerrito-ca","CA",-122.303,37.9196,266,6998
25488,25419,0.0009,"Barstow",41.275,34.867,-117.043,"barstow-ca","CA",-117.043,34.867,267,618
25431,25527,-0.00126,"Galt",6.804,38.2685,-121.299,"galt-ca","CA",-121.299,38.2685,268,3738
25362,28207,-0.03482,"Belmont",4.634,37.5144,-122.294,"belmont-ca","CA",-122.294,37.5144,269,5473
25306,25195,0.00146,"Reedley",5.447,36.5984,-119.447,"reedley-ca","CA",-119.447,36.5984,270,4646
25186,26897,-0.02167,"South Pasadena",3.407,34.109,-118.157,"south-pasadena-ca","CA",-118.157,34.109,271,7392
24855,25386,-0.00703,"Lafayette",15.045,37.891,-122.12,"lafayette-ca","CA",-122.12,37.891,272,1652
24844,24745,0.00133,"Soledad",4.481,36.4376,-121.315,"soledad-ca","CA",-121.315,36.4376,273,5544
24824,24854,-0.0004,"Riverbank",4.05,37.7256,-120.938,"riverbank-ca","CA",-120.938,37.7256,274,6129
24565,24655,-0.00122,"Selma",5.768,36.5715,-119.614,"selma-ca","CA",-119.614,36.5715,275,4259
24396,25212,-0.01091,"Seal Beach",11.275,33.7544,-118.071,"seal-beach-ca","CA",-118.071,33.7544,276,2164
23864,23780,0.00117,"Patterson",7.796,37.4759,-121.154,"patterson-ca","CA",-121.154,37.4759,277,3061
23529,25095,-0.02126,"Maywood",1.178,33.9885,-118.188,"maywood-ca","CA",-118.188,33.9885,278,19974
23333,23186,0.0021,"Oakdale",6.181,37.7619,-120.848,"oakdale-ca","CA",-120.848,37.7619,279,3775
23278,23953,-0.00949,"San Fernando",2.374,34.2887,-118.436,"san-fernando-ca","CA",-118.436,34.2887,280,9805
22796,22364,0.0064,"Marina",8.889,36.6803,-121.789,"marina-ca","CA",-121.789,36.6803,281,2565
22683,22461,0.00327,"Corcoran",7.373,36.0839,-119.561,"corcoran-ca","CA",-119.561,36.0839,282,3076
22332,23232,-0.01308,"Calabasas",13.682,34.134,-118.669,"calabasas-ca","CA",-118.669,34.134,283,1632
22326,23033,-0.01033,"Laguna Beach",8.892,33.5434,-117.762,"laguna-beach-ca","CA",-117.762,33.5434,284,2511
22253,20425,0.02899,"Imperial",6.236,32.839,-115.572,"imperial-ca","CA",-115.572,32.839,285,3568
21959,21752,0.00315,"Yucca Valley",39.831,34.1233,-116.422,"yucca-valley-ca","CA",-116.422,34.1233,286,551
21949,20070,0.03028,"Shafter",38.723,35.4794,-119.201,"shafter-ca","CA",-119.201,35.4794,287,567
21636,21304,0.00516,"South Lake Tahoe",10.154,38.9392,-119.982,"south-lake-tahoe-ca","CA",-119.982,38.9392,288,2131
21380,21880,-0.00766,"Port Hueneme",4.423,34.1621,-119.204,"port-hueneme-ca","CA",-119.204,34.1621,289,4834
21331,22792,-0.02183,"Cudahy",1.176,33.964,-118.183,"cudahy-ca","CA",-118.183,33.964,290,18139
21220,21800,-0.00897,"American Canyon",6.086,38.179,-122.26,"american-canyon-ca","CA",-122.26,38.179,291,3487
20666,23129,-0.03682,"Millbrae",3.251,37.599,-122.402,"millbrae-ca","CA",-122.402,37.599,292,6357
20460,21649,-0.01866,"Duarte",6.708,34.161,-117.95,"duarte-ca","CA",-117.95,34.161,293,3050
20015,19498,0.00877,"Arvin",4.819,35.1944,-118.831,"arvin-ca","CA",-118.831,35.1944,294,4153
19843,19918,-0.00126,"Oroville",13.834,39.4955,-121.56,"oroville-ca","CA",-121.56,39.4955,295,1434
19553,20015,-0.00776,"Coronado",7.973,32.6576,-117.157,"coronado-ca","CA",-117.157,32.6576,296,2452
19544,20885,-0.02187,"Lomita",1.912,33.7933,-118.317,"lomita-ca","CA",-118.317,33.7933,297,10222
19456,19657,-0.00343,"South El Monte",2.843,34.0504,-118.048,"south-el-monte-ca","CA",-118.048,34.0504,298,6843
19399,19525,-0.00216,"Orinda",12.853,37.8816,-122.169,"orinda-ca","CA",-122.169,37.8816,299,1509
19385,18821,0.0099,"Chowchilla",11.086,37.1161,-120.242,"chowchilla-ca","CA",-120.242,37.1161,300,1749
19259,20556,-0.02149,"La Canada Flintridge",8.626,34.2097,-118.2,"la-canada-flintridge-ca","CA",-118.2,34.2097,301,2233
19239,18995,0.00428,"Greenfield",2.136,36.3234,-121.245,"greenfield-ca","CA",-121.245,36.3234,302,9007
19174,19084,0.00157,"Arcata",9.368,40.8623,-124.075,"arcata-ca","CA",-124.075,40.8623,303,2047
19028,18947,0.00142,"Dixon",7.065,38.4475,-121.824,"dixon-ca","CA",-121.824,38.4475,304,2693
18979,20262,-0.02155,"Agoura Hills",7.801,34.1489,-118.764,"agoura-hills-ca","CA",-118.764,34.1489,305,2433
18546,19977,-0.02446,"Albany",1.789,37.8907,-122.318,"albany-ca","CA",-122.318,37.8907,306,10367
18528,18420,0.00195,"Arroyo Grande",5.937,35.1242,-120.585,"arroyo-grande-ca","CA",-120.585,35.1242,307,3121
18499,19735,-0.02132,"Hermosa Beach",1.426,33.8653,-118.396,"hermosa-beach-ca","CA",-118.396,33.8653,308,12973
18482,18993,-0.00906,"Pinole",5.104,38.0017,-122.318,"pinole-ca","CA",-122.318,38.0017,309,3621
17913,17733,0.00336,"Blythe",26.606,33.6536,-114.622,"blythe-ca","CA",-114.622,33.6536,310,673
17898,17013,0.01705,"Rancho Mirage",25.354,33.7643,-116.43,"rancho-mirage-ca","CA",-116.43,33.7643,311,706
17894,19083,-0.02122,"Santa Fe Springs",8.873,33.9336,-118.063,"santa-fe-springs-ca","CA",-118.063,33.9336,312,2017
17810,16856,0.01853,"Truckee",32.332,39.3505,-120.194,"truckee-ca","CA",-120.194,39.3505,313,551
17628,17384,0.00467,"Coalinga",6.581,36.1445,-120.358,"coalinga-ca","CA",-120.358,36.1445,314,2679
17146,16098,0.02126,"Ripon",5.325,37.742,-121.13,"ripon-ca","CA",-121.13,37.742,315,3220
17049,17657,-0.01159,"Laguna Woods",3.345,33.6121,-117.73,"laguna-woods-ca","CA",-117.73,33.6121,316,5097
17026,16654,0.0074,"Clearlake",10.129,38.96,-122.633,"clearlake-ca","CA",-122.633,38.96,317,1681
16800,16692,0.00215,"Ukiah",4.784,39.1466,-123.21,"ukiah-ca","CA",-123.21,39.1466,318,3512
16673,16139,0.01091,"Susanville",7.944,40.4337,-120.628,"susanville-ca","CA",-120.628,40.4337,319,2099
16667,16411,0.00519,"Fillmore",3.364,34.3984,-118.916,"fillmore-ca","CA",-118.916,34.3984,320,4955
16477,16698,-0.00441,"Moraga",9.465,37.8457,-122.123,"moraga-ca","CA",-122.123,37.8457,321,1741
16435,16045,0.00803,"Kerman",3.267,36.7249,-120.062,"kerman-ca","CA",-120.062,36.7249,322,5031
16209,17253,-0.0206,"El Segundo",5.463,33.9104,-118.425,"el-segundo-ca","CA",-118.425,33.9104,323,2967
15279,16287,-0.02108,"Artesia",1.621,33.8676,-118.081,"artesia-ca","CA",-118.081,33.8676,324,9426
15276,14168,0.02544,"Livingston",3.675,37.3873,-120.725,"livingston-ca","CA",-120.725,37.3873,325,4157
15178,15058,0.00264,"California City",203.611,35.1466,-117.869,"california-city-ca","CA",-117.869,35.1466,326,75
15061,15592,-0.01149,"La Palma",1.783,33.8506,-118.04,"la-palma-ca","CA",-118.04,33.8506,327,8447
15057,14169,0.02047,"McFarland",2.668,35.6706,-119.233,"mcfarland-ca","CA",-119.233,35.6706,328,5644
14830,14622,0.00474,"Parlier",2.409,36.6087,-119.543,"parlier-ca","CA",-119.543,36.6087,329,6156
14817,15074,-0.0057,"Pacific Grove",2.859,36.6226,-121.926,"pacific-grove-ca","CA",-121.926,36.6226,330,5183
14470,14647,-0.00406,"Red Bluff",7.561,40.1735,-122.242,"red-bluff-ca","CA",-122.242,40.1735,331,1914
14038,13614,0.01029,"Grass Valley",5.249,39.2238,-121.052,"grass-valley-ca","CA",-121.052,39.2238,332,2674
14021,13758,0.00632,"Auburn",7.177,38.8951,-121.077,"auburn-ca","CA",-121.077,38.8951,333,1954
13942,14187,-0.00578,"Mill Valley",4.763,37.9081,-122.542,"mill-valley-ca","CA",-122.542,37.9081,334,2927
13927,13765,0.00389,"Avenal",19.486,36.0311,-120.116,"avenal-ca","CA",-120.116,36.0311,335,715
13594,13368,0.00562,"King City",3.896,36.2163,-121.132,"king-city-ca","CA",-121.132,36.2163,336,3489
13331,13169,0.00407,"Grand Terrace",3.507,34.0312,-117.313,"grand-terrace-ca","CA",-117.313,34.0312,337,3801
13247,13142,0.00265,"Tehachapi",10.15,35.143,-118.446,"tehachapi-ca","CA",-118.446,35.143,338,1305
13221,14108,-0.02139,"Hawaiian Gardens",0.948,33.8305,-118.073,"hawaiian-gardens-ca","CA",-118.073,33.8305,339,13946
13099,12449,0.01708,"Kingsburg",3.707,36.5252,-119.567,"kingsburg-ca","CA",-119.567,36.5252,340,3534
12903,12652,0.00655,"Mendota",3.385,36.756,-120.378,"mendota-ca","CA",-120.378,36.756,341,3812
12852,13259,-0.01032,"Carpinteria",2.588,34.3852,-119.501,"carpinteria-ca","CA",-119.501,34.3852,342,4966
12758,12617,0.0037,"Marysville",3.464,39.1515,-121.583,"marysville-ca","CA",-121.583,39.1515,343,3683
12752,13017,-0.00685,"Larkspur",3.024,37.9405,-122.53,"larkspur-ca","CA",-122.53,37.9405,344,4217
12745,12694,0.00134,"Grover Beach",2.312,35.1209,-120.62,"grover-beach-ca","CA",-120.62,35.1209,345,5513
12692,12960,-0.00696,"Emeryville",1.27,37.8385,-122.302,"emeryville-ca","CA",-122.302,37.8385,346,9994
12689,12957,-0.00697,"Solana Beach",3.411,32.9913,-117.258,"solana-beach-ca","CA",-117.258,32.9913,347,3720
12586,12652,-0.00174,"Lindsay",2.733,36.2082,-119.09,"lindsay-ca","CA",-119.09,36.2082,348,4605
12531,12775,-0.00642,"San Anselmo",2.677,37.9821,-122.57,"san-anselmo-ca","CA",-122.57,37.9821,349,4681
12496,10170,0.07106,"Calimesa",14.858,33.9873,-117.054,"calimesa-ca","CA",-117.054,33.9873,350,841
12489,13343,-0.02177,"Palos Verdes Estates",4.774,33.7872,-118.397,"palos-verdes-estates-ca","CA",-118.397,33.7872,351,2616
12480,12483,-0.00008,"Fortuna",5.248,40.5871,-124.142,"fortuna-ca","CA",-124.142,40.5871,352,2378
12292,12346,-0.00146,"Newman",2.062,37.3157,-121.021,"newman-ca","CA",-121.021,37.3157,353,5961
12160,12268,-0.00295,"Scotts Valley",4.618,37.0555,-122.012,"scotts-valley-ca","CA",-122.012,37.0555,354,2633
11780,12498,-0.01956,"San Marino",3.766,34.1227,-118.113,"san-marino-ca","CA",-118.113,34.1227,355,3128
11535,11776,-0.00689,"Los Alamitos",4.023,33.7969,-118.061,"los-alamitos-ca","CA",-118.061,33.7969,356,2867
11518,12345,-0.02282,"Commerce",6.538,33.9945,-118.15,"commerce-ca","CA",-118.15,33.9945,357,1762
11509,11325,0.00542,"Anderson",7.031,40.4498,-122.295,"anderson-ca","CA",-122.295,40.4498,358,1637
11311,11094,0.0065,"Canyon Lake",3.912,33.6883,-117.264,"canyon-lake-ca","CA",-117.264,33.6883,359,2891
11183,11321,-0.0041,"Healdsburg",4.464,38.6228,-122.865,"healdsburg-ca","CA",-122.865,38.6228,360,2505
11066,11820,-0.02175,"Signal Hill",2.191,33.8034,-118.17,"signal-hill-ca","CA",-118.17,33.8034,361,5051
11033,10788,0.00749,"Placerville",5.84,38.7311,-120.798,"placerville-ca","CA",-120.798,38.7311,362,1889
10835,10751,0.00259,"Morro Bay",5.324,35.3673,-120.869,"morro-bay-ca","CA",-120.869,35.3673,363,2035
10788,11067,-0.00846,"Clayton",3.84,37.9403,-121.93,"clayton-ca","CA",-121.93,37.9403,364,2809
10605,11367,-0.02285,"Piedmont",1.7,37.8225,-122.23,"piedmont-ca","CA",-122.23,37.8225,365,6238
10594,11768,-0.03445,"Half Moon Bay",6.427,37.4673,-122.44,"half-moon-bay-ca","CA",-122.44,37.4673,366,1648
10548,11253,-0.02134,"Sierra Madre",2.953,34.1688,-118.05,"sierra-madre-ca","CA",-118.05,34.1688,367,3572
10515,10377,0.00439,"Shasta Lake",10.923,40.6766,-122.381,"shasta-lake-ca","CA",-122.381,40.6766,368,963
10515,10709,-0.00605,"Sonoma",2.744,38.2903,-122.46,"sonoma-ca","CA",-122.46,38.2903,369,3832
10489,10084,0.01323,"Rio Vista",6.582,38.1761,-121.705,"rio-vista-ca","CA",-121.705,38.1761,370,1594
10350,11365,-0.03072,"Hillsborough",6.19,37.5572,-122.359,"hillsborough-ca","CA",-122.359,37.5572,371,1672
10320,10413,-0.00299,"Farmersville",2.24,36.3053,-119.208,"farmersville-ca","CA",-119.208,36.3053,372,4607
10312,10330,-0.00058,"Exeter",2.463,36.294,-119.146,"exeter-ca","CA",-119.146,36.294,373,4187
10041,10191,-0.00495,"Corte Madera",3.16,37.9318,-122.508,"corte-madera-ca","CA",-122.508,37.9318,374,3178
10027,10636,-0.01946,"Malibu",19.847,34.0343,-118.78,"malibu-ca","CA",-118.78,34.0343,375,505
9651,9945,-0.00995,"Capitola",1.593,36.9761,-121.954,"capitola-ca","CA",-121.954,36.9761,376,6058
9567,9147,0.01507,"Live Oak",3.121,39.2788,-121.662,"live-oak-ca","CA",-121.662,39.2788,377,3065
9567,9645,-0.00271,"Orange Cove",1.792,36.6211,-119.319,"orange-cove-ca","CA",-119.319,36.6211,378,5339
9422,8139,0.05004,"Guadalupe",1.31,34.9649,-120.573,"guadalupe-ca","CA",-120.573,34.9649,379,7192
9208,9133,0.00272,"Waterford",2.358,37.6427,-120.754,"waterford-ca","CA",-120.754,37.6427,380,3905
8943,9107,-0.006,"Tiburon",4.48,37.8868,-122.463,"tiburon-ca","CA",-122.463,37.8868,381,1996
8912,8975,-0.00235,"Cloverdale",3.13,38.7961,-123.015,"cloverdale-ca","CA",-123.015,38.7961,382,2847
8697,8628,0.00265,"Taft",15.264,35.1267,-119.424,"taft-ca","CA",-119.424,35.1267,383,570
8453,8638,-0.00716,"Gonzales",1.89,36.506,-121.443,"gonzales-ca","CA",-121.443,36.506,384,4472
8370,8298,0.00288,"Orland",2.98,39.7461,-122.185,"orland-ca","CA",-122.185,39.7461,385,2809
8173,8227,-0.0022,"Corning",3.55,39.9282,-122.182,"corning-ca","CA",-122.182,39.9282,386,2302
8144,8090,0.00222,"Firebaugh",3.517,36.8537,-120.454,"firebaugh-ca","CA",-120.454,36.8537,387,2316
7994,8057,-0.00262,"Pismo Beach",3.497,35.1532,-120.674,"pismo-beach-ca","CA",-120.674,35.1532,388,2286
7924,8281,-0.01455,"Rolling Hills Estates",3.577,33.7616,-118.393,"rolling-hills-estates-ca","CA",-118.393,33.7616,389,2215
7904,7787,0.00496,"Yreka",9.985,41.724,-122.632,"yreka-ca","CA",-122.632,41.724,390,792
7879,8511,-0.02536,"Los Altos Hills",8.942,37.3671,-122.139,"los-altos-hills-ca","CA",-122.139,37.3671,391,881
7839,7449,0.01713,"Woodlake",2.435,36.4128,-119.1,"woodlake-ca","CA",-119.1,36.4128,392,3219
7764,7086,0.03094,"Winters",2.935,38.5333,-121.975,"winters-ca","CA",-121.975,38.5333,393,2645
7581,7494,0.00384,"Escalon",2.28,37.7913,-121,"escalon-ca","CA",-121,37.7913,394,3325
7566,7494,0.00318,"Hughson",1.943,37.6021,-120.866,"hughson-ca","CA",-120.866,37.6021,395,3894
7542,7614,-0.00317,"Ojai",4.348,34.4483,-119.247,"ojai-ca","CA",-119.247,34.4483,396,1735
7514,8016,-0.02136,"Westlake Village",5.185,34.1367,-118.817,"westlake-village-ca","CA",-118.817,34.1367,397,1449
7434,7565,-0.00575,"Fairfax",2.228,37.9885,-122.595,"fairfax-ca","CA",-122.595,37.9885,398,3337
7380,7217,0.00751,"Mammoth Lakes",24.866,37.6244,-118.988,"mammoth-lakes-ca","CA",-118.988,37.6244,399,297
7377,7559,-0.00807,"Cotati",1.88,38.3285,-122.71,"cotati-ca","CA",-122.71,38.3285,400,3924
7342,7363,-0.00095,"Gridley",2.084,39.3622,-121.697,"gridley-ca","CA",-121.697,39.3622,401,3523
7339,7503,-0.0073,"Sebastopol",1.883,38.4,-122.828,"sebastopol-ca","CA",-122.828,38.4,402,3898
7317,6750,0.02724,"Fowler",2.532,36.6244,-119.674,"fowler-ca","CA",-119.674,36.6244,403,2890
7106,7246,-0.00643,"Sausalito",1.764,37.8584,-122.492,"sausalito-ca","CA",-122.492,37.8584,404,4028
6966,6972,-0.00029,"Fort Bragg",2.899,39.4398,-123.802,"fort-bragg-ca","CA",-123.802,39.4398,405,2403
6932,6836,0.00464,"Loomis",7.266,38.8094,-121.195,"loomis-ca","CA",-121.195,38.8094,406,954
6789,6620,0.00847,"Crescent City",1.963,41.7645,-124.201,"crescent-city-ca","CA",-124.201,41.7645,407,3458
6518,4736,0.11229,"Paradise",18.316,39.7542,-121.606,"paradise-ca","CA",-121.606,39.7542,408,356
6499,7133,-0.03058,"Atherton",5.03,37.4571,-122.201,"atherton-ca","CA",-122.201,37.4571,409,1292
6460,6412,0.00248,"Colusa",3.424,39.2058,-122.012,"colusa-ca","CA",-122.012,39.2058,410,1887
6396,6453,-0.00296,"Calipatria",3.699,33.1688,-115.486,"calipatria-ca","CA",-115.486,33.1688,411,1729
6264,6201,0.00336,"Huron",1.6,36.204,-120.096,"huron-ca","CA",-120.096,36.204,412,3915
6166,6283,-0.00629,"Willows",2.836,39.5148,-122.199,"willows-ca","CA",-122.199,39.5148,413,2174
6139,6067,0.00392,"Gustine",1.551,37.2545,-120.995,"gustine-ca","CA",-120.995,37.2545,414,3958
5922,6112,-0.01053,"Solvang",2.425,34.5938,-120.14,"solvang-ca","CA",-120.14,34.5938,415,2442
5811,5757,0.00311,"Dos Palos",1.349,36.9854,-120.634,"dos-palos-ca","CA",-120.634,36.9854,416,4308
5696,5575,0.00725,"Williams",4.945,39.1498,-122.139,"williams-ca","CA",-122.139,39.1498,417,1152
5651,5835,-0.01068,"Villa Park",2.079,33.818,-117.811,"villa-park-ca","CA",-117.811,33.818,418,2718
5638,5172,0.02921,"Ione",4.582,38.36,-120.944,"ione-ca","CA",-120.944,38.36,419,1230
5540,5603,-0.00378,"Holtville",1.155,32.8138,-115.378,"holtville-ca","CA",-115.378,32.8138,420,4797
5319,5671,-0.02116,"La Habra Heights",6.159,33.959,-117.949,"la-habra-heights-ca","CA",-117.949,33.959,421,864
5309,5425,-0.00711,"St. Helena",4.955,38.5128,-122.468,"st-helena-ca","CA",-122.468,38.5128,422,1071
5292,5008,0.01848,"Jackson",3.594,38.3485,-120.773,"jackson-ca","CA",-120.773,38.3485,423,1472
5208,5099,0.00716,"Lakeport",3.058,39.0383,-122.923,"lakeport-ca","CA",-122.923,39.0383,424,1703
5140,5176,-0.00233,"Buellton",1.582,34.6155,-120.194,"buellton-ca","CA",-120.194,34.6155,425,3249
5115,5223,-0.00699,"Calistoga",2.577,38.5814,-122.583,"calistoga-ca","CA",-122.583,38.5814,426,1985
5102,5051,0.00334,"Big Bear Lake",6.24,34.2429,-116.894,"big-bear-lake-ca","CA",-116.894,34.2429,427,818
5046,4983,0.00418,"Sonora",3.163,37.9817,-120.383,"sonora-ca","CA",-120.383,37.9817,428,1595
4983,4779,0.01404,"Indian Wells",14.321,33.7035,-116.326,"indian-wells-ca","CA",-116.326,33.7035,429,348
4957,4975,-0.00121,"Willits",2.817,39.405,-123.349,"willits-ca","CA",-123.349,39.405,430,1760
4857,4926,-0.00471,"Needles",30.578,34.8136,-114.625,"needles-ca","CA",-114.625,34.8136,431,159
4818,5295,-0.03097,"Woodside",11.731,37.4222,-122.259,"woodside-ca","CA",-122.259,37.4222,432,411
4344,4839,-0.03531,"Brisbane",3.096,37.6758,-122.383,"brisbane-ca","CA",-122.383,37.6758,433,1403
3998,4442,-0.03453,"Portola Valley",9.098,37.3652,-122.233,"portola-valley-ca","CA",-122.233,37.3652,434,439
3936,3672,0.0234,"Angels",3.632,38.071,-120.552,"angels-ca","CA",-120.552,38.071,435,1084
3860,3953,-0.00797,"Del Mar",1.721,32.9629,-117.262,"del-mar-ca","CA",-117.262,32.9629,436,2243
3821,3770,0.00447,"Wheatland",8.122,39.0312,-121.39,"wheatland-ca","CA",-121.39,39.0312,437,470
3814,3823,-0.00079,"Bishop",1.864,37.3664,-118.396,"bishop-ca","CA",-118.396,37.3664,438,2046
3669,3699,-0.00272,"San Joaquin",1.197,36.6056,-120.19,"san-joaquin-ca","CA",-120.19,36.6056,439,3065
3397,3352,0.00444,"Rio Dell",2.281,40.4956,-124.115,"rio-dell-ca","CA",-124.115,40.4956,440,1489
3338,3371,-0.00328,"Yountville",1.487,38.3935,-122.366,"yountville-ca","CA",-122.366,38.3935,441,2245
3278,3215,0.00645,"Mount Shasta",3.766,41.3209,-122.315,"mount-shasta-ca","CA",-122.315,41.3209,442,870
3230,3453,-0.0221,"Avalon",2.883,33.3433,-118.318,"avalon-ca","CA",-118.318,33.3433,443,1120
3221,3487,-0.02601,"Monte Sereno",1.64,37.2403,-121.988,"monte-sereno-ca","CA",-121.988,37.2403,444,1964
3181,3081,0.0108,"Nevada City",2.186,39.2596,-121.033,"nevada-city-ca","CA",-121.033,39.2596,445,1455
3156,3216,-0.0063,"Carmel-by-the-Sea",1.066,36.553,-121.922,"carmel--by--the--sea-ca","CA",-121.922,36.553,446,2961
2903,2858,0.00519,"Weed",4.782,41.4121,-122.381,"weed-ca","CA",-122.381,41.4121,447,607
2786,2645,0.01753,"Sutter Creek",2.699,38.3924,-120.799,"sutter-creek-ca","CA",-120.799,38.3924,448,1032
2692,2692,0,"Alturas",2.824,41.4891,-120.551,"alturas-ca","CA",-120.551,41.4891,449,953
2313,2334,-0.00302,"Ross",1.556,37.9638,-122.562,"ross-ca","CA",-122.562,37.9638,450,1487
2246,2093,0.0237,"San Juan Bautista",0.729,36.8457,-121.538,"san-juan-bautista-ca","CA",-121.538,36.8457,451,3081
2105,2072,0.00525,"Portola",5.407,39.8208,-120.474,"portola-ca","CA",-120.474,39.8208,452,389
2074,2119,-0.00718,"Belvedere",0.519,37.8736,-122.471,"belvedere-ca","CA",-122.471,37.8736,453,3996
2062,1996,0.01078,"Colfax",1.406,39.0938,-120.953,"colfax-ca","CA",-120.953,39.0938,454,1467
1988,2012,-0.00401,"Westmorland",0.59,33.0389,-115.622,"westmorland-ca","CA",-115.622,33.0389,455,3369
1904,1949,-0.00782,"Biggs",0.895,39.4102,-121.713,"biggs-ca","CA",-121.713,39.4102,456,2127
1730,1700,0.00581,"Dunsmuir",1.604,41.2315,-122.271,"dunsmuir-ca","CA",-122.271,41.2315,457,1079
1659,1724,-0.0125,"Hidden Hills",1.689,34.1637,-118.661,"hidden-hills-ca","CA",-118.661,34.1637,458,982
1648,1543,0.02233,"Colma",1.903,37.6767,-122.453,"colma-ca","CA",-122.453,37.6767,459,866
1632,1738,-0.021,"Rolling Hills",2.991,33.76,-118.347,"rolling-hills-ca","CA",-118.347,33.76,460,546
1557,1590,-0.00702,"Del Rey Oaks",0.482,36.5825,-121.83,"del-rey-oaks-ca","CA",-121.83,36.5825,461,3230
1402,1393,0.00214,"Ferndale",1.027,40.5799,-124.262,"ferndale-ca","CA",-124.262,40.5799,462,1365
1386,1460,-0.01702,"Irwindale",8.82,34.1119,-117.964,"irwindale-ca","CA",-117.964,34.1119,463,157
1240,1216,0.00649,"Montague",1.778,41.7271,-122.531,"montague-ca","CA",-122.531,41.7271,464,697
1187,1199,-0.00336,"Blue Lake",0.593,40.8832,-123.995,"blue-lake-ca","CA",-123.995,40.8832,465,2002
1135,1074,0.01885,"Plymouth",2.643,38.4748,-120.863,"plymouth-ca","CA",-120.863,38.4748,466,429
1021,1021,0,"Maricopa",1.502,35.0582,-119.399,"maricopa-ca","CA",-119.399,35.0582,467,680
905,899,0.00221,"Tulelake",0.41,41.9535,-121.475,"tulelake-ca","CA",-121.475,41.9535,468,2207
872,860,0.00461,"Dorris",0.702,41.965,-121.92,"dorris-ca","CA",-121.92,41.965,469,1242
856,923,-0.02506,"Bradbury",1.964,34.1532,-117.969,"bradbury-ca","CA",-117.969,34.1532,470,436
787,802,-0.00631,"Isleton",0.44,38.1613,-121.605,"isleton-ca","CA",-121.605,38.1613,471,1789
779,740,0.01697,"Loyalton",0.355,39.6769,-120.245,"loyalton-ca","CA",-120.245,39.6769,472,2194
703,694,0.00429,"Fort Jones",0.602,41.6085,-122.841,"fort-jones-ca","CA",-122.841,41.6085,473,1168
690,675,0.0073,"Etna",0.76,41.4582,-122.896,"etna-ca","CA",-122.896,41.4582,474,908
484,463,0.01468,"Point Arena",1.365,38.9123,-123.696,"point-arena-ca","CA",-123.696,38.9123,475,355
420,426,-0.00474,"Tehama",0.794,40.0218,-122.127,"tehama-ca","CA",-122.127,40.0218,476,529
342,321,0.0209,"Sand City",0.562,36.6219,-121.848,"sand-city-ca","CA",-121.848,36.6219,477,609
305,311,-0.00651,"Trinidad",0.485,41.0577,-124.143,"trinidad-ca","CA",-124.143,41.0577,478,629
237,249,-0.0166,"Industry",11.787,34.0262,-117.94,"industry-ca","CA",-117.94,34.0262,479,20
209,197,0.01951,"Amador City",0.31,38.419,-120.823,"amador-city-ca","CA",-120.823,38.419,480,674
207,222,-0.02358,"Vernon",4.973,34.0011,-118.211,"vernon-ca","CA",-118.211,34.0011,481,42